BADPI/GCBEV P&B,833,C2
BIOTÃ‰RIO P&B (90),797,C1
CLIAMB P&B (109),137,C1
COAES P&B (11),806,C1
COAPF P&B (35),45,C1
COATL P&B (15),1917,C1
COATL V8 P&B (159),204,C3
COBIO,193,C1
COCAP C1 P&B (109),21,C1
COCAP V8 COLOR (139),77,C3
COCAP V8 P&B (139),178,C3
COCIN P&B (100),106,C1
COETI,132,C1
COGPE P&B (3),1196,C1
COLECOES P&b - (12.05.22 16:08) TROCA,272,C2
COPES P&B (101),39,C1
COSAS P&B (100),170,C1
COTEI P&B (16),326,C1
COTIN-TESTE (CPBA) (11),250,C1
DIR-01 P&B (35),628,C1
DIR-02 P&B (35),3,C1
DIR-02 P&B - (27.04.22 09:52) TROCA,139,C1
EDITORA_COLOR (97),382,C1
LBA P&B (117),346,C2
LTBM P&B (133),111,C2
LTMN P&B (131),0,C2
LTSP V8 P&B (163),950,C3
SEDAB P&B (15),138,C1
SEMPC P&B (15),683,C1
SEOFI P&B (3),750,C1
COCAP_COLOR (10),237,C1
DIEAR COLOR (15),388,C1
INCUBADORA COLOR (17),568,C1
