BADPI/GCBEV P&B,1014
BIOTÃ‰RIO P&B (90),463
CLIAMB P&#38;B (109),92
COAES P&B (11),590
COAPF P&B (35),382
COATL P&B (15),2661
COATL V8 P&B (159),171
COBIO,1092
COCAP C1 P&B (109),102
COCAP C1 P&B (109) - (12.08.22 15:49) TROCA,106
COCAP V8 P&B (139),396
COCIN P&B (100),613
COETI,2782
COGPE P&B (3),1269
COLECOES P&b,583
COPES P&B (101),922
COSAS P&B (100),887
COTEI P&B (16),772
COTIN-TESTE (CPBA) (11),85
DIR-01 P&B (35),618
DIR-02 P&B (35),378
LBA P&B (117),114
LTBM P&B (133),141
LTSP V8 P&B (163),1881
SEDAB P&#38;B (15),413
SEMPC P&B (15),1444
SEOFI,836
COCAP_COLOR (10),57
COCAP V8 COLOR (139),73
EDITORA_COLOR,159
DIEAR COLOR (15),528
INCUBADORA COLOR (17),225
