BADPI/GCBEV P&B,185
BIOTÃ‰RIO P&B (90),90
CLIAMB P&B (109),50
COAES P&B (11),96
COATL P&B (15),411
COATL V8 P&B (159),125
COBIO,522
COCAP C1 P&B (109),101
COCAP V8 P&B (139),123
COCIN P&B (100),17
COETI,737
COGPE P&B (3),314
COLECOES P&b,6
COPES P&B (101),124
COSAS P&B (100),267
COTEI P&B (16),26
COTIN-TESTE (CPBA) (11),378
DIR-01 P&B (35),68
DIR-02 P&B (35),0
DIR-02 P&B (35) - (11.01.23 15:58) TROCA,386
LBA P&B (117),58
LTBM P&B (133),105
LTSP V8 P&B (163),25
SECEX P&B (35),136
SEDAB P&#38;B (15),105
SEMPC P&B (15),408
SEOFI,173
COCAP_COLOR (10),27
COCAP V8 COLOR (139),3
EDITORA_COLOR,45
DIEAR COLOR (15),240
INCUBADORA COLOR (17),80
