BADPI/GCBEV P&B,591
BIOTÃ‰RIO P&B (90),267
CLIAMB P&#38;B (109),269
CLIAMB P&#38;B (109) - (19.07.22 11:50) TROCA,42
COAES P&B (11),409
COAPF P&B (35),272
COATL P&B (15),1665
COATL V8 P&B (159),523
COBIO,770
COCAP C1 P&B (109),180
COCAP V8 P&B (139),561
COCIN P&B (100),135
COETI,1040
COGPE P&B (3),920
COLECOES P&b,8
COLECOES P&b - (26.07.22 10:28) TROCA,129
COPES P&B (101),590
COSAS P&B (100),223
COTEI P&B (16),759
COTIN-TESTE (CPBA) (11),160
DIR-01 P&B (35),244
DIR-02 P&B (35),232
LBA P&B (117),253
LTBM P&B (133),80
LTSP V8 P&B (163),1691
SEDAB P&#38;B (15),278
SEMPC P&B (15),1617
SEOFI,646
COCAP_COLOR (10),118
COCAP V8 COLOR (139),358
EDITORA_COLOR,38
DIEAR COLOR (15),345
INCUBADORA COLOR (17),632
