BADPI/GCBEV P&B,743
BIOTÃ‰RIO P&B (90),625
CLIAMB P&#38;B (109),216
COAES P&B (11),361
COAPF P&B (35),1115
COATL P&B (15),1667
COATL V8 P&B (159),255
COBIO,485
COCAP C1 P&B (109),192
COCAP V8 P&B (139),203
COCIN P&B (100),120
COETI,423
COGPE P&B (3),1975
COLECOES P&b,905
COPES P&B (101),871
COSAS P&B (100),375
COTEI P&B (16),258
COTIN-TESTE (CPBA) (11),89
DIR-01 P&B (35),372
DIR-02 P&B (35),345
DIR-02 P&B (35) - (01.06.22 16:14) TROCA,2
LBA P&B (117),103
LTBM P&B (133),271
LTSP V8 P&B (163),825
SEDAB P&#38;B (15),339
SEMPC P&B (15),1219
SEOFI (3),1140
COCAP_COLOR (10),193
COCAP V8 COLOR (139),132
EDITORA_COLOR,92
DIEAR COLOR (15),633
INCUBADORA COLOR (17),390
