BADPI/GCBEV P&B,469,C2
BIOTÃ‰RIO P&B (90),490,C1
CLIAMB P&#38;B (109),198,C1
COAES P&B (11),1023,C1
COAPF P&B (35),166,C1
COATL P&B (15),1180,C1
COATL V8 P&B (159),347,C3
COBIO,159,C1
COCAP C1 P&B (109),104,C1
COCAP V8 P&B (139),209,C3
COCIN P&B (100),104,C1
COETI,234,C1
COGPE P&B (3),1041,C1
COLECOES P&b,27,C2
COLECOES P&b - (12.05.22 16:08) TROCA,284,C2
COPES P&B (101),257,C1
COSAS P&B (100),19,C1
COTEI P&B (16),223,C1
COTIN-TESTE (CPBA) (11),174,C1
DIR-01 P&B (35),422,C1
DIR-02 P&B (35),388,C1
LBA P&B (117),89,C2
LTBM P&B (133),143,C2
LTMN P&B (131),104,C2
LTSP V8 P&B (163),338,C3
SEDAB P&#38;B (15),160,C1
SEMPC P&B (15),683,C1
SEOFI,421,C1
COCAP_COLOR (10),101,C1
COCAP V8 COLOR (139),51,C1
EDITORA_COLOR,706,C1
DIEAR COLOR (15),681,C1
INCUBADORA COLOR (17),498,C1
