BADPI/GCBEV P&B,547
BIOTÃ‰RIO P&B (90),341
CLIAMB P&B (109),251
COAES P&B (11),1377
COATL P&B (15),2098
COATL V8 P&B (159),250
COBIO,391
COCAP C1 P&B (109),222
COCAP V8 P&B (139),399
COCIN P&B (100),108
COETI,655
COGPE P&B (3),548
COLECOES P&b,1973
COPES P&B (101),767
COSAS P&B (100),391
COTEI P&B (16),280
COTIN-TESTE (CPBA) (11),74
DIR-01 P&B (35),492
DIR-02 P&B (35) - (05.11.22 18:23) TROCA,38
DIR-02 P&B (35) - (11.11.22 16:02) TROCA,159
DIR-02 P&B (35) - (16.12.22 15:17) TROCA,866
DIR-02 P&B (35) - (18.11.22 09:59) TROCA,55
LBA P&B (117),197
LTBM P&B (133),176
LTMN P&B (131),188
LTSP V8 P&B (163),854
SECEX P&B (35),392
SEDAB P&#38;B (15),48
SEMPC P&B (15),1101
SEOFI,881
COCAP_COLOR (10),28
COCAP V8 COLOR (139),26
EDITORA_COLOR,130
DIEAR COLOR (15),454
INCUBADORA COLOR (17),3151
