BADPI/GCBEV P&B,901
BIOTÃ‰RIO P&B (90),280
CLIAMB P&B (109),357
COAES P&B (11),607
COATL P&B (15),1749
COATL V8 P&B (159),343
COBIO,691
COCAP C1 P&B (109),202
COCAP V8 P&B (139),282
COCIN P&B (100),67
COETI,550
COGPE P&B (3),1862
COLECOES P&b,345
COPES P&B (101),1156
COSAS P&B (100),121
COTEI P&B (16),518
COTIN-TESTE (CPBA) (11),239
DIR-01 P&B (35),469
DIR-02 P&B (35) - (31.10.22 10:02) TROCA,546
LBA P&B (117),221
LTBM P&B (133),148
LTMN P&B (131),245
LTSP V8 P&B (163),1297
SECEX P&B (35),580
SEDAB P&#38;B (15),129
SEMPC P&B (15),1120
SEOFI,764
COCAP_COLOR (10),5
COCAP V8 COLOR (139),87
EDITORA_COLOR,75
DIEAR COLOR (15),260
INCUBADORA COLOR (17),1243
